﻿State/Province,Total Sales,Order Profitable
Alabama,$1828,Profitable
Alberta,$6850,Profitable
Arizona,$11134,Profitable
Arkansas,$2708,Profitable
British Columbia,$1194,Profitable
California,$146388,Profitable
Colorado,$10300,Profitable
Connecticut,$5307,Profitable
Delaware,$13755,Profitable
District of Columbia,$78,Profitable
Florida,$26445,Profitable
Georgia,$19160,Profitable
Idaho,$1234,Profitable
Illinois,$24352,Profitable
Indiana,$18516,Profitable
Iowa,$716,Profitable
Kansas,$733,Profitable
Kentucky,$15535,Profitable
Louisiana,$5502,Profitable
Manitoba,$755,Profitable
Maryland,$9452,Profitable
Massachusetts,$8143,Profitable
Michigan,$25834,Profitable
Minnesota,$6728,Profitable
Mississippi,$2997,Profitable
Missouri,$9351,Profitable
Montana,$4229,Profitable
Nebraska,$3579,Profitable
Nevada,$3138,Profitable
New Brunswick,$56,Profitable
New Hampshire,$1509,Profitable
New Jersey,$9484,Profitable
New Mexico,$2819,Profitable
New York,$93923,Profitable
Newfoundland and Labrador,$198,Profitable
North Carolina,$23457,Profitable
North Dakota,$920,Profitable
Nova Scotia,$133,Profitable
Ohio,$23265,Profitable
Oklahoma,$6226,Profitable
Ontario,$1599,Profitable
Oregon,$2887,Profitable
Pennsylvania,$42688,Profitable
Prince Edward Island,$544,Profitable
Quebec,$954,Profitable
Rhode Island,$3427,Profitable
Saskatchewan,$68,Profitable
South Carolina,$1561,Profitable
South Dakota,$1153,Profitable
Tennessee,$16114,Profitable
Texas,$43422,Profitable
Utah,$2461,Profitable
Vermont,$842,Profitable
Virginia,$7600,Profitable
Washington,$65540,Profitable
West Virginia,$1210,Profitable
Wisconsin,$5567,Profitable
