{
  "$schema": "https://developer.microsoft.com/json-schemas/fabric/item/report/definition/page/2.0.0/schema.json",
  "name": "ReportSection2",
  "displayName": "District Monthly Sales",
  "displayOption": "DeprecatedDynamic",
  "filterConfig": {
    "filters": [
      {
        "name": "Filter",
        "field": {
          "Column": {
            "Expression": {
              "SourceRef": {
                "Entity": "Time"
              }
            },
            "Property": "FiscalMonth"
          }
        },
        "type": "Categorical",
        "howCreated": "User"
      },
      {
        "name": "Filter1",
        "field": {
          "Column": {
            "Expression": {
              "SourceRef": {
                "Entity": "District"
              }
            },
            "Property": "District"
          }
        },
        "type": "Categorical",
        "howCreated": "User"
      },
      {
        "name": "Filter2",
        "field": {
          "Column": {
            "Expression": {
              "SourceRef": {
                "Entity": "District"
              }
            },
            "Property": "DM"
          }
        },
        "type": "Categorical",
        "howCreated": "User"
      },
      {
        "name": "Filter3",
        "field": {
          "Column": {
            "Expression": {
              "SourceRef": {
                "Entity": "Store"
              }
            },
            "Property": "Name"
          }
        },
        "type": "Categorical",
        "howCreated": "User"
      },
      {
        "name": "Filter4",
        "field": {
          "Column": {
            "Expression": {
              "SourceRef": {
                "Entity": "Store"
              }
            },
            "Property": "Chain"
          }
        },
        "type": "Categorical",
        "howCreated": "User"
      },
      {
        "name": "Filter5",
        "field": {
          "Column": {
            "Expression": {
              "SourceRef": {
                "Entity": "Item"
              }
            },
            "Property": "Category"
          }
        },
        "type": "Categorical",
        "howCreated": "User"
      }
    ]
  }
}