{
  "$schema": "https://developer.microsoft.com/json-schemas/fabric/item/report/definition/visualContainer/2.3.0/schema.json",
  "name": "VisualContainer",
  "position": {
    "x": 2,
    "y": 2,
    "z": 0,
    "height": 69,
    "width": 340
  },
  "visual": {
    "visualType": "textbox",
    "objects": {
      "general": [
        {
          "properties": {
            "paragraphs": [
              {
                "textRuns": [
                  {
                    "value": "District Monthly Sales",
                    "textStyle": {
                      "fontFamily": "Segoe UI Light",
                      "fontSize": "28pt",
                      "fontStyle": "normal",
                      "fontWeight": "normal"
                    }
                  }
                ],
                "horizontalTextAlignment": "center"
              }
            ]
          }
        }
      ]
    }
  }
}