{
  "$schema": "https://developer.microsoft.com/json-schemas/fabric/item/report/definition/visualContainer/2.3.0/schema.json",
  "name": "VisualContainer6",
  "position": {
    "x": 6.850152905198776,
    "y": 83.946188340807169,
    "z": 6000,
    "height": 241.07623318385649,
    "width": 116.4525993883792
  },
  "visual": {
    "visualType": "slicer",
    "query": {
      "queryState": {
        "Values": {
          "projections": [
            {
              "field": {
                "Column": {
                  "Expression": {
                    "SourceRef": {
                      "Entity": "District"
                    }
                  },
                  "Property": "DM"
                }
              },
              "queryRef": "District.DM",
              "active": true
            }
          ]
        }
      }
    },
    "objects": {
      "header": [
        {
          "properties": {
            "show": {
              "expr": {
                "Literal": {
                  "Value": "false"
                }
              }
            }
          }
        }
      ]
    },
    "visualContainerObjects": {
      "title": [
        {
          "properties": {
            "fontColor": {
              "solid": {
                "color": {
                  "expr": {
                    "Literal": {
                      "Value": "'#000000'"
                    }
                  }
                }
              }
            },
            "show": {
              "expr": {
                "Literal": {
                  "Value": "true"
                }
              }
            },
            "text": {
              "expr": {
                "Literal": {
                  "Value": "'District Manager'"
                }
              }
            }
          }
        }
      ]
    }
  }
}