{
  "$schema": "https://developer.microsoft.com/json-schemas/fabric/item/report/definition/visualContainer/2.3.0/schema.json",
  "name": "TitleTextbox",
  "position": {
    "x": 10,
    "y": 10,
    "z": 0,
    "height": 50,
    "width": 400
  },
  "visual": {
    "visualType": "textbox",
    "objects": {
      "general": [
        {
          "properties": {
            "paragraphs": [
              {
                "textRuns": [
                  {
                    "value": "FITCHECK MARKETING",
                    "textStyle": {
                      "fontFamily": "Segoe UI",
                      "fontSize": "24pt",
                      "fontStyle": "normal",
                      "fontWeight": "bold"
                    }
                  }
                ],
                "horizontalTextAlignment": "left"
              }
            ]
          }
        }
      ]
    }
  }
}
