{
  "$schema": "https://developer.microsoft.com/json-schemas/fabric/item/report/definition/page/2.0.0/schema.json",
  "name": "53fc0d9bd99cce6bc4e6",
  "displayName": "FITCHECK MARKETING OVERVIEW",
  "displayOption": "FitToPage",
  "height": 720,
  "width": 1280,
  "filterConfig": {
    "filters": [
      {
        "name": "FilterPlatform",
        "field": {
          "Column": {
            "Expression": {
              "SourceRef": {
                "Entity": "Fitcheck OVERVIEW"
              }
            },
            "Property": "Platform"
          }
        },
        "type": "Categorical",
        "howCreated": "User"
      },
      {
        "name": "FilterContentTheme",
        "field": {
          "Column": {
            "Expression": {
              "SourceRef": {
                "Entity": "Fitcheck OVERVIEW"
              }
            },
            "Property": "Content Theme"
          }
        },
        "type": "Categorical",
        "howCreated": "User"
      },
      {
        "name": "FilterTargetAudience",
        "field": {
          "Column": {
            "Expression": {
              "SourceRef": {
                "Entity": "Fitcheck OVERVIEW"
              }
            },
            "Property": "Target Audience"
          }
        },
        "type": "Categorical",
        "howCreated": "User"
      },
      {
        "name": "FilterPostDate",
        "field": {
          "Column": {
            "Expression": {
              "SourceRef": {
                "Entity": "Fitcheck OVERVIEW"
              }
            },
            "Property": "Post Date"
          }
        },
        "type": "Advanced",
        "howCreated": "User"
      }
    ]
  }
}