{
  "$schema": "https://developer.microsoft.com/json-schemas/fabric/item/report/definition/visualContainer/2.3.0/schema.json",
  "name": "BubbleChart",
  "position": {
    "x": 420,
    "y": 430,
    "z": 2002,
    "height": 220,
    "width": 450
  },
  "visual": {
    "visualType": "scatterChart",
    "query": {
      "queryState": {
        "Details": {
          "projections": [
            {
              "field": {
                "Column": {
                  "Expression": {
                    "SourceRef": {
                      "Entity": "Fitcheck OVERVIEW"
                    }
                  },
                  "Property": "Platform"
                }
              },
              "queryRef": "Fitcheck OVERVIEW.Platform"
            }
          ]
        },
        "X": {
          "projections": [
            {
              "field": {
                "Measure": {
                  "Expression": {
                    "SourceRef": {
                      "Entity": "Fitcheck OVERVIEW"
                    }
                  },
                  "Property": "Total Conversions"
                }
              },
              "queryRef": "Fitcheck OVERVIEW.Total Conversions",
              "active": true
            }
          ]
        },
        "Y": {
          "projections": [
            {
              "field": {
                "Measure": {
                  "Expression": {
                    "SourceRef": {
                      "Entity": "Fitcheck OVERVIEW"
                    }
                  },
                  "Property": "ROI"
                }
              },
              "queryRef": "Fitcheck OVERVIEW.ROI"
            }
          ]
        }
      }
    },
    "objects": {
      "dataPoint": [
        {
          "properties": {
            "showAllDataPoints": {
              "expr": {
                "Literal": {
                  "Value": "true"
                }
              }
            }
          }
        }
      ]
    }
  }
}