{
  "$schema": "https://developer.microsoft.com/json-schemas/fabric/item/report/definition/visualContainer/2.3.0/schema.json",
  "name": "BubbleChart",
  "position": {
    "x": 420,
    "y": 430,
    "z": 8000,
    "height": 220,
    "width": 450
  },
  "visual": {
    "visualType": "scatterChart",
    "query": {
      "queryState": {
        "Details": {
          "projections": [
            {
              "field": {
                "Column": {
                  "Expression": {
                    "SourceRef": {
                      "Entity": "Fitcheck OVERVIEW"
                    }
                  },
                  "Property": "Platform"
                }
              },
              "queryRef": "Fitcheck OVERVIEW.Platform"
            }
          ]
        },
        "Series": {
          "projections": [
            {
              "field": {
                "Column": {
                  "Expression": {
                    "SourceRef": {
                      "Entity": "Fitcheck OVERVIEW"
                    }
                  },
                  "Property": "Platform"
                }
              },
              "queryRef": "Fitcheck OVERVIEW.Platform"
            }
          ]
        },
        "X": {
          "projections": [
            {
              "field": {
                "Measure": {
                  "Expression": {
                    "SourceRef": {
                      "Entity": "Fitcheck OVERVIEW"
                    }
                  },
                  "Property": "Total Conversions"
                }
              },
              "queryRef": "Fitcheck OVERVIEW.Total Conversions",
              "active": true
            }
          ]
        },
        "Y": {
          "projections": [
            {
              "field": {
                "Measure": {
                  "Expression": {
                    "SourceRef": {
                      "Entity": "Fitcheck OVERVIEW"
                    }
                  },
                  "Property": "ROI"
                }
              },
              "queryRef": "Fitcheck OVERVIEW.ROI"
            }
          ]
        }
      }
    },
    "objects": {
      "dataPoint": [
        {
          "properties": {
            "showAllDataPoints": {
              "expr": {
                "Literal": {
                  "Value": "true"
                }
              }
            }
          }
        }
      ]
    }
  },
  "filterConfig": {
    "filters": [
      {
        "name": "3ee8b1ec21e8a729f644",
        "field": {
          "Measure": {
            "Expression": {
              "SourceRef": {
                "Entity": "Fitcheck OVERVIEW"
              }
            },
            "Property": "Total Conversions"
          }
        },
        "type": "Advanced"
      },
      {
        "name": "fb7079ed11b9b02e35d5",
        "field": {
          "Measure": {
            "Expression": {
              "SourceRef": {
                "Entity": "Fitcheck OVERVIEW"
              }
            },
            "Property": "ROI"
          }
        },
        "type": "Advanced"
      },
      {
        "name": "6e02a5d6f370dc6b6833",
        "field": {
          "Column": {
            "Expression": {
              "SourceRef": {
                "Entity": "Fitcheck OVERVIEW"
              }
            },
            "Property": "Platform"
          }
        },
        "type": "Categorical"
      }
    ]
  }
}