{
  "$schema": "https://developer.microsoft.com/json-schemas/fabric/item/report/definition/visualContainer/2.3.0/schema.json",
  "name": "DescriptionText",
  "position": {
    "x": 10,
    "y": 200,
    "z": 5000,
    "height": 30,
    "width": 1260
  },
  "visual": {
    "visualType": "textbox",
    "objects": {
      "general": [
        {
          "properties": {
            "paragraphs": [
              {
                "textRuns": [
                  {
                    "value": "Performance = Overall Success (ROI, Revenue, Conversions) | Efficiency = Cost Effectiveness (CPC, CPM, Spend)",
                    "textStyle": {
                      "fontFamily": "Segoe UI",
                      "fontSize": "11pt",
                      "fontStyle": "normal",
                      "fontWeight": "normal"
                    }
                  }
                ],
                "horizontalTextAlignment": "center"
              }
            ]
          }
        }
      ]
    }
  }
}