{
  "$schema": "https://developer.microsoft.com/json-schemas/fabric/item/report/definition/visualContainer/2.3.0/schema.json",
  "name": "VisualContainer3",
  "position": {
    "x": 9.7859327217125376,
    "y": 351.92825112107624,
    "z": 2000,
    "height": 279.82062780269058,
    "width": 426.66666666666663
  },
  "visual": {
    "visualType": "areaChart",
    "query": {
      "queryState": {
        "Category": {
          "projections": [
            {
              "field": {
                "Column": {
                  "Expression": {
                    "SourceRef": {
                      "Entity": "Time"
                    }
                  },
                  "Property": "FiscalMonth"
                }
              },
              "queryRef": "Time.FiscalMonth",
              "active": true
            }
          ]
        },
        "Y": {
          "projections": [
            {
              "field": {
                "Measure": {
                  "Expression": {
                    "SourceRef": {
                      "Entity": "Sales"
                    }
                  },
                  "Property": "Last Year Sales"
                }
              },
              "queryRef": "Sales.Last Year Sales"
            },
            {
              "field": {
                "Measure": {
                  "Expression": {
                    "SourceRef": {
                      "Entity": "Sales"
                    }
                  },
                  "Property": "This Year Sales"
                }
              },
              "queryRef": "Sales.This Year Sales"
            }
          ]
        }
      },
      "sortDefinition": {
        "sort": [
          {
            "field": {
              "Column": {
                "Expression": {
                  "SourceRef": {
                    "Entity": "Time"
                  }
                },
                "Property": "FiscalMonth"
              }
            },
            "direction": "Ascending"
          }
        ]
      }
    }
  }
}