{
  "$schema": "https://developer.microsoft.com/json-schemas/fabric/item/report/definition/visualContainer/2.3.0/schema.json",
  "name": "VisualContainer5",
  "position": {
    "x": 142.87461773700304,
    "y": 74.260089686098652,
    "z": 4000,
    "height": 260.44843049327352,
    "width": 535.29051987767582
  },
  "visual": {
    "visualType": "clusteredColumnChart",
    "query": {
      "queryState": {
        "Category": {
          "projections": [
            {
              "field": {
                "Column": {
                  "Expression": {
                    "SourceRef": {
                      "Entity": "Store"
                    }
                  },
                  "Property": "StoreNumberName"
                }
              },
              "queryRef": "Store.StoreNumberName",
              "active": true
            }
          ]
        },
        "Y": {
          "projections": [
            {
              "field": {
                "Measure": {
                  "Expression": {
                    "SourceRef": {
                      "Entity": "Sales"
                    }
                  },
                  "Property": "This Year Sales"
                }
              },
              "queryRef": "Sales.This Year Sales"
            }
          ]
        }
      },
      "sortDefinition": {
        "sort": [
          {
            "field": {
              "Aggregation": {
                "Expression": {
                  "Column": {
                    "Expression": {
                      "SourceRef": {
                        "Entity": "Store"
                      }
                    },
                    "Property": "StoreNumber"
                  }
                },
                "Function": 0
              }
            },
            "direction": "Descending"
          }
        ]
      }
    },
    "objects": {
      "labels": [
        {
          "properties": {
            "show": {
              "expr": {
                "Literal": {
                  "Value": "true"
                }
              }
            }
          }
        }
      ]
    }
  }
}