{
  "$schema": "https://developer.microsoft.com/json-schemas/fabric/item/report/definition/visualContainer/2.3.0/schema.json",
  "name": "MonthlyTrendsChart",
  "position": {
    "x": 420,
    "y": 200,
    "z": 7000,
    "height": 220,
    "width": 450
  },
  "visual": {
    "visualType": "lineChart",
    "query": {
      "queryState": {
        "Category": {
          "projections": [
            {
              "field": {
                "Column": {
                  "Expression": {
                    "SourceRef": {
                      "Entity": "Fitcheck OVERVIEW"
                    }
                  },
                  "Property": "YearMonth"
                }
              },
              "queryRef": "Fitcheck OVERVIEW.YearMonth",
              "active": true
            }
          ]
        },
        "Y": {
          "projections": [
            {
              "field": {
                "Aggregation": {
                  "Expression": {
                    "Column": {
                      "Expression": {
                        "SourceRef": {
                          "Entity": "Fitcheck OVERVIEW"
                        }
                      },
                      "Property": "Conversions"
                    }
                  },
                  "Function": 0
                }
              },
              "queryRef": "Sum(Fitcheck OVERVIEW.Conversions)"
            }
          ]
        }
      }
    }
  }
}