{
  "$schema": "https://developer.microsoft.com/json-schemas/fabric/item/report/definition/visualContainer/2.3.0/schema.json",
  "name": "SlicerContentTheme",
  "position": {
    "x": 1010,
    "y": 10,
    "z": 10000,
    "height": 60,
    "width": 120
  },
  "visual": {
    "visualType": "slicer",
    "query": {
      "queryState": {
        "Values": {
          "projections": [
            {
              "field": {
                "Column": {
                  "Expression": {
                    "SourceRef": {
                      "Entity": "Fitcheck OVERVIEW"
                    }
                  },
                  "Property": "Content Theme"
                }
              },
              "queryRef": "Fitcheck OVERVIEW.Content Theme",
              "active": true
            }
          ]
        }
      }
    },
    "objects": {
      "selection": [
        {
          "properties": {
            "selectAllCheckboxEnabled": {
              "expr": {
                "Literal": {
                  "Value": "true"
                }
              }
            }
          }
        }
      ],
      "data": [
        {
          "properties": {
            "mode": {
              "expr": {
                "Literal": {
                  "Value": "'Dropdown'"
                }
              }
            },
            "isInvertedSelectionMode": {
              "expr": {
                "Literal": {
                  "Value": "true"
                }
              }
            }
          }
        }
      ],
      "general": [
        {
          "properties": {}
        }
      ]
    }
  },
  "filterConfig": {
    "filters": [
      {
        "name": "c14799c7f66b6e7080b7",
        "field": {
          "Column": {
            "Expression": {
              "SourceRef": {
                "Entity": "Fitcheck OVERVIEW"
              }
            },
            "Property": "Content Theme"
          }
        },
        "type": "Categorical"
      }
    ]
  }
}