{
  "$schema": "https://developer.microsoft.com/json-schemas/fabric/item/report/definition/visualContainer/2.3.0/schema.json",
  "name": "MonthlyTrendsChart",
  "position": {
    "x": 520,
    "y": 240,
    "z": 7000,
    "height": 230,
    "width": 750
  },
  "visual": {
    "visualType": "lineChart",
    "query": {
      "queryState": {
        "Category": {
          "projections": [
            {
              "field": {
                "HierarchyLevel": {
                  "Expression": {
                    "Hierarchy": {
                      "Expression": {
                        "PropertyVariationSource": {
                          "Expression": {
                            "SourceRef": {
                              "Entity": "Fitcheck OVERVIEW"
                            }
                          },
                          "Name": "变体",
                          "Property": "Post Date"
                        }
                      },
                      "Hierarchy": "日期层次结构"
                    }
                  },
                  "Level": "年"
                }
              },
              "queryRef": "Fitcheck OVERVIEW.Post Date.变体.日期层次结构.年",
              "nativeQueryRef": "Post Date 年",
              "active": true
            },
            {
              "field": {
                "HierarchyLevel": {
                  "Expression": {
                    "Hierarchy": {
                      "Expression": {
                        "PropertyVariationSource": {
                          "Expression": {
                            "SourceRef": {
                              "Entity": "Fitcheck OVERVIEW"
                            }
                          },
                          "Name": "变体",
                          "Property": "Post Date"
                        }
                      },
                      "Hierarchy": "日期层次结构"
                    }
                  },
                  "Level": "月份"
                }
              },
              "queryRef": "Fitcheck OVERVIEW.Post Date.变体.日期层次结构.月份",
              "nativeQueryRef": "Post Date 月份",
              "active": true
            }
          ]
        },
        "Y": {
          "projections": [
            {
              "field": {
                "Measure": {
                  "Expression": {
                    "SourceRef": {
                      "Entity": "Fitcheck OVERVIEW"
                    }
                  },
                  "Property": "Total Conversions"
                }
              },
              "queryRef": "TotalConversions"
            }
          ]
        }
      }
    },
    "objects": {
      "categoryAxis": [
        {
          "properties": {
            "show": {
              "expr": {
                "Literal": {
                  "Value": "true"
                }
              }
            },
            "showAxisTitle": {
              "expr": {
                "Literal": {
                  "Value": "false"
                }
              }
            },
            "axisType": {
              "expr": {
                "Literal": {
                  "Value": "'Continuous'"
                }
              }
            }
          }
        }
      ],
      "valueAxis": [
        {
          "properties": {
            "show": {
              "expr": {
                "Literal": {
                  "Value": "true"
                }
              }
            }
          }
        }
      ],
      "dataPoint": [
        {
          "properties": {
            "defaultColor": {
              "solid": {
                "color": {
                  "expr": {
                    "Literal": {
                      "Value": "'#A7ACAD'"
                    }
                  }
                }
              }
            }
          }
        }
      ],
      "labels": [
        {
          "properties": {
            "show": {
              "expr": {
                "Literal": {
                  "Value": "false"
                }
              }
            }
          }
        }
      ],
      "legend": [
        {
          "properties": {
            "show": {
              "expr": {
                "Literal": {
                  "Value": "false"
                }
              }
            }
          }
        }
      ]
    },
    "visualContainerObjects": {
      "title": [
        {
          "properties": {
            "show": {
              "expr": {
                "Literal": {
                  "Value": "true"
                }
              }
            },
            "text": {
              "expr": {
                "Literal": {
                  "Value": "'Monthly Conversion Trends'"
                }
              }
            },
            "fontSize": {
              "expr": {
                "Literal": {
                  "Value": "14D"
                }
              }
            }
          }
        }
      ],
      "background": [
        {
          "properties": {
            "color": {
              "solid": {
                "color": {
                  "expr": {
                    "Literal": {
                      "Value": "'#FFFFFF'"
                    }
                  }
                }
              }
            }
          }
        }
      ],
      "border": [
        {
          "properties": {
            "show": {
              "expr": {
                "Literal": {
                  "Value": "true"
                }
              }
            },
            "color": {
              "solid": {
                "color": {
                  "expr": {
                    "Literal": {
                      "Value": "'#D4D4D4'"
                    }
                  }
                }
              }
            }
          }
        }
      ]
    }
  },
  "filterConfig": {
    "filters": [
      {
        "name": "ea60e11d20ddcdd44703",
        "field": {
          "Measure": {
            "Expression": {
              "SourceRef": {
                "Entity": "Fitcheck OVERVIEW"
              }
            },
            "Property": "Total Conversions"
          }
        },
        "type": "Advanced"
      },
      {
        "name": "23825edd06d88c00bc9b",
        "field": {
          "HierarchyLevel": {
            "Expression": {
              "Hierarchy": {
                "Expression": {
                  "PropertyVariationSource": {
                    "Expression": {
                      "SourceRef": {
                        "Entity": "Fitcheck OVERVIEW"
                      }
                    },
                    "Name": "变体",
                    "Property": "Post Date"
                  }
                },
                "Hierarchy": "日期层次结构"
              }
            },
            "Level": "月份"
          }
        },
        "type": "Categorical"
      },
      {
        "name": "157c741e49be0a5029ec",
        "field": {
          "HierarchyLevel": {
            "Expression": {
              "Hierarchy": {
                "Expression": {
                  "PropertyVariationSource": {
                    "Expression": {
                      "SourceRef": {
                        "Entity": "Fitcheck OVERVIEW"
                      }
                    },
                    "Name": "变体",
                    "Property": "Post Date"
                  }
                },
                "Hierarchy": "日期层次结构"
              }
            },
            "Level": "年"
          }
        },
        "type": "Advanced"
      }
    ]
  }
}