{
  "$schema": "https://developer.microsoft.com/json-schemas/fabric/item/report/definition/visualContainer/2.3.0/schema.json",
  "name": "PlatformROIChart",
  "position": {
    "x": 10,
    "y": 200,
    "z": 2000,
    "height": 450,
    "width": 400
  },
  "visual": {
    "visualType": "barChart",
    "query": {
      "queryState": {
        "Category": {
          "projections": [
            {
              "field": {
                "Column": {
                  "Expression": {
                    "SourceRef": {
                      "Entity": "Fitcheck OVERVIEW"
                    }
                  },
                  "Property": "Platform"
                }
              },
              "queryRef": "Fitcheck OVERVIEW.Platform",
              "active": true
            }
          ]
        },
        "Y": {
          "projections": [
            {
              "field": {
                "Measure": {
                  "Expression": {
                    "SourceRef": {
                      "Entity": "Fitcheck OVERVIEW"
                    }
                  },
                  "Property": "ROI"
                }
              },
              "queryRef": "Fitcheck OVERVIEW.ROI"
            }
          ]
        }
      },
      "sortDefinition": {
        "sort": [
          {
            "field": {
              "Measure": {
                "Expression": {
                  "SourceRef": {
                    "Entity": "Fitcheck OVERVIEW"
                  }
                },
                "Property": "ROI"
              }
            },
            "direction": "Descending"
          }
        ]
      }
    }
  }
}