{
  "$schema": "https://developer.microsoft.com/json-schemas/fabric/item/report/definition/visualContainer/2.3.0/schema.json",
  "name": "PlatformROIChart",
  "position": {
    "x": 10,
    "y": 200,
    "z": 6000,
    "height": 450,
    "width": 400
  },
  "visual": {
    "visualType": "barChart",
    "query": {
      "queryState": {
        "Category": {
          "projections": [
            {
              "field": {
                "Column": {
                  "Expression": {
                    "SourceRef": {
                      "Entity": "Fitcheck OVERVIEW"
                    }
                  },
                  "Property": "Platform"
                }
              },
              "queryRef": "Fitcheck OVERVIEW.Platform",
              "nativeQueryRef": "Platform",
              "active": true
            }
          ]
        },
        "Series": {
          "projections": [
            {
              "field": {
                "Column": {
                  "Expression": {
                    "SourceRef": {
                      "Entity": "Fitcheck OVERVIEW"
                    }
                  },
                  "Property": "Platform"
                }
              },
              "queryRef": "Fitcheck OVERVIEW.Platform",
              "nativeQueryRef": "Platform"
            }
          ]
        },
        "Y": {
          "projections": [
            {
              "field": {
                "Measure": {
                  "Expression": {
                    "SourceRef": {
                      "Entity": "Fitcheck OVERVIEW"
                    }
                  },
                  "Property": "ROI"
                }
              },
              "queryRef": "Fitcheck OVERVIEW.ROI"
            }
          ]
        }
      },
      "sortDefinition": {
        "sort": [
          {
            "field": {
              "Measure": {
                "Expression": {
                  "SourceRef": {
                    "Entity": "Fitcheck OVERVIEW"
                  }
                },
                "Property": "ROI"
              }
            },
            "direction": "Descending"
          }
        ]
      }
    }
  },
  "filterConfig": {
    "filters": [
      {
        "name": "a4d8f65ea041b0138493",
        "field": {
          "Measure": {
            "Expression": {
              "SourceRef": {
                "Entity": "Fitcheck OVERVIEW"
              }
            },
            "Property": "ROI"
          }
        },
        "type": "Advanced"
      },
      {
        "name": "f036dc84cae36e8270fe",
        "field": {
          "Column": {
            "Expression": {
              "SourceRef": {
                "Entity": "Fitcheck OVERVIEW"
              }
            },
            "Property": "Platform"
          }
        },
        "type": "Categorical"
      }
    ]
  }
}