{
  "$schema": "https://developer.microsoft.com/json-schemas/fabric/item/report/definition/visualContainer/2.3.0/schema.json",
  "name": "SlicerPlatform",
  "position": {
    "x": 880,
    "y": 10,
    "z": 3000,
    "height": 60,
    "width": 120
  },
  "visual": {
    "visualType": "slicer",
    "query": {
      "queryState": {
        "Values": {
          "projections": [
            {
              "field": {
                "Column": {
                  "Expression": {
                    "SourceRef": {
                      "Entity": "Fitcheck OVERVIEW"
                    }
                  },
                  "Property": "Platform"
                }
              },
              "queryRef": "Fitcheck OVERVIEW.Platform",
              "active": true
            }
          ]
        }
      }
    }
  }
}